person,shelfmark,role,certainty,year_est,place,doc_type
Barakat b. David,TS 16.109 + TS AS 153.489,Groom,attested,1063,Fustat,deed of betrothal (court copy)
David (father of Barakat),TS 16.109 + TS AS 153.489,GroomFather,attested,1063,Fustat,deed of betrothal (court copy)
Na'ama bt. Nisi,TS 16.109 + TS AS 153.489,Bride,attested,1063,Fustat,deed of betrothal (court copy)
Nisi b. Jacob,TS 16.109 + TS AS 153.489,BrideFather,attested,1063,Fustat,deed of betrothal (court copy)
Nisi b. Jacob,TS 16.109 + TS AS 153.489,Agent,attested,1063,Fustat,deed of betrothal (court copy)
Jacob (father of Nisi),TS 16.109 + TS AS 153.489,BrideGrandfather,attested,1063,Fustat,deed of betrothal (court copy)
Yehezqel b. Benjamin ha-Levi,TS 16.109 + TS AS 153.489,WitnessOfAgency,attested,1063,Fustat,deed of betrothal (court copy)
Joseph b. Azarya,TS 16.109 + TS AS 153.489,WitnessOfAgency,attested,1063,Fustat,deed of betrothal (court copy)
Hasan b. Sedaqa ha-Kohen,TS 16.109 + TS AS 153.489,Witness,attested,1063,Fustat,deed of betrothal (court copy)
Sedaqa b. Isaac,TS 16.109 + TS AS 153.489,Witness,attested,1063,Fustat,deed of betrothal (court copy)
Yefet b. Jacob,TS 16.109 + TS AS 153.489,Witness,attested,1063,Fustat,deed of betrothal (court copy)
El'azar b. Samuel b. Sahl ha-Eved,TS 16.109 + TS AS 153.489,Witness,attested,1063,Fustat,deed of betrothal (court copy)
Moses b. A[...],TS 16.109 + TS AS 153.489,Witness,attested,1063,Fustat,deed of betrothal (court copy)
Jacob b. Joseph,TS 16.109 + TS AS 153.489,Witness,attested,1063,Fustat,deed of betrothal (court copy)
Samuel b. Sahl,TS 16.109 + TS AS 153.489,Mentioned,contextual,1063,Fustat,deed of betrothal (court copy)
Barakat b. David,TS 20.47r,Groom,attested,1064,Fustat,ketubba
David (father of Barakat),TS 20.47r,GroomFather,attested,1064,Fustat,ketubba
Na'ama bt. Nisi,TS 20.47r,Bride,attested,1064,Fustat,ketubba
Nisi b. Jacob,TS 20.47r,BrideFather,attested,1064,Fustat,ketubba
Nisi b. Jacob,TS 20.47r,Agent,attested,1064,Fustat,ketubba
[...] b. Yesha'ya ha-Kohen,TS 20.47r,WitnessOfAgency,attested,1064,Fustat,ketubba
Barakat b. Azarya,TS 20.47r,WitnessOfAgency,attested,1064,Fustat,ketubba
Isaac b. Eli,TS 12.644,Groom,attested,1030,Fustat,deed of betrothal
Mubaraka bt. [...],TS 12.644,Bride,attested,1030,Fustat,deed of betrothal
Jehuda ha-Levi b. Nisi ha-Melammed,TS 12.644,Scribe,attested,1030,Fustat,deed of betrothal
Jehuda ha-Levi b. Nisi ha-Melammed,TS 12.644,Witness,attested,1030,Fustat,deed of betrothal
Joseph b. Jehuda ha-Levi,TS 12.644,Scribe,attested,1030,Fustat,deed of betrothal
Joseph b. Jehuda ha-Levi,TS 12.644,Witness,attested,1030,Fustat,deed of betrothal
Babad ha-Kohen b. David,TS 12.644,Witness,attested,1030,Fustat,deed of betrothal
Yefet ha-Kohen b. Eli b. Zita,TS 12.644,Witness,attested,1030,Fustat,deed of betrothal
Samuel b. Joseph al-Basri,TS 12.644,Witness,attested,1030,Fustat,deed of betrothal
Sedaqa b. Moses,TS 12.644,Witness,attested,1030,Fustat,deed of betrothal
Joseph b. Aaron ha-Levi,TS 12.644,Witness,attested,1030,Fustat,deed of betrothal
Yefet b. Abraham al-Tustari,TS 16.50,Groom,attested,1043,Fustat,deed of betrothal (draft) + deed of attorney
Abraham (Abu Sa'ad) b. Sahl al-Tustari,TS 16.50,GroomFather,attested,1043,Fustat,deed of betrothal (draft) + deed of attorney
Ama al-Aziz bt. Hizkiyahu,TS 16.50,Bride,attested,1043,Fustat,deed of betrothal (draft) + deed of attorney
Hizkiyahu b. Solomon (nasi),TS 16.50,BrideFather,attested,1043,Fustat,deed of betrothal (draft) + deed of attorney
Hizkiyahu b. Solomon (nasi),TS 16.50,Agent,attested,1043,Fustat,deed of betrothal (draft) + deed of attorney
Ezra b. Ishma'el b. Ezra,TS 16.50,Agent,attested,1043,Fustat,deed of betrothal (draft) + deed of attorney
Aaron b. Sahl al-Tustari,TS 16.50,WitnessOfAgency,attested,1043,Fustat,deed of betrothal (draft) + deed of attorney
Aaron b. Yehoshua,TS 16.50,WitnessOfAgency,attested,1043,Fustat,deed of betrothal (draft) + deed of attorney
Azarya b. Salih,TS 16.50,WitnessOfAgency,attested,1043,Fustat,deed of betrothal (draft) + deed of attorney
David b. Semah (nasi),TS 16.50,Nasi,attested,1043,Fustat,deed of betrothal (draft) + deed of attorney
David b. Semah (nasi),TS 16.50,Judge,attested,1043,Fustat,deed of betrothal (draft) + deed of attorney
Khatabya b. al-Tabat,TS 16.50,Witness,attested,1043,Fustat,deed of betrothal (draft) + deed of attorney
Sahl b. Sa'adya al-Baghdadi,TS 16.50,Witness,attested,1043,Fustat,deed of betrothal (draft) + deed of attorney
Joseph b. Abraham b. al-Fara,TS 16.50,Witness,attested,1043,Fustat,deed of betrothal (draft) + deed of attorney
Abraham b. al-Fara,TS 16.50,Witness,attested,1043,Fustat,deed of betrothal (draft) + deed of attorney
Hesed (Abu Nasr) b. Sahl al-Tustari,TS 16.50,Mentioned,contextual,1043,Fustat,deed of betrothal (draft) + deed of attorney
Sahl (Yashar) b. Israel al-Tustari,TS 16.50,Mentioned,attested,1043,Fustat,deed of betrothal (draft) + deed of attorney
Solomon b. David (nasi),TS 16.50,Mentioned,attested,1043,Fustat,deed of betrothal (draft) + deed of attorney
Khalaf b. Mahfuz,"TS 18 J 5.10a,b + TS 10 J 27.6",Groom,attested,1045,Fustat,deed of betrothal
Mahfuz (father of Khalaf),"TS 18 J 5.10a,b + TS 10 J 27.6",GroomFather,attested,1045,Fustat,deed of betrothal
Ama al-Qadar bt. Efraim,"TS 18 J 5.10a,b + TS 10 J 27.6",Bride,attested,1045,Fustat,deed of betrothal
Efraim b. Mansur b. Furat,"TS 18 J 5.10a,b + TS 10 J 27.6",BrideFather,attested,1045,Fustat,deed of betrothal
Efraim b. Mansur b. Furat,"TS 18 J 5.10a,b + TS 10 J 27.6",Agent,attested,1045,Fustat,deed of betrothal
Sedaqa b. Masliah b. Sahl ha-Levi,"TS 18 J 5.10a,b + TS 10 J 27.6",Scribe,attested,1045,Fustat,deed of betrothal
Barakat b. Menahem ha-Kohen,"TS 18 J 5.10a,b + TS 10 J 27.6",WitnessOfAgency,attested,1045,Fustat,deed of betrothal
Yefet b. Abraham ha-Levi,"TS 18 J 5.10a,b + TS 10 J 27.6",WitnessOfAgency,attested,1045,Fustat,deed of betrothal
David b. Isaac b. Moses ha-Levi,"TS 18 J 5.10a,b + TS 10 J 27.6",Witness,attested,1045,Fustat,deed of betrothal
Alan b. Nahum,"TS 18 J 5.10a,b + TS 10 J 27.6",Witness,attested,1045,Fustat,deed of betrothal
Joseph b. [...] b. Efraim,"TS 18 J 5.10a,b + TS 10 J 27.6",Witness,attested,1045,Fustat,deed of betrothal
David b. Yesha'ya ha-Melammed,"TS 18 J 5.10a,b + TS 10 J 27.6",Witness,reconstructed,1045,Fustat,deed of betrothal
Nahum b. Nahum,"TS 18 J 5.10a,b + TS 10 J 27.6",Witness,reconstructed,1045,Fustat,deed of betrothal
David b. Semah (nasi),"TS 18 J 5.10a,b + TS 10 J 27.6",Nasi,attested,1045,Fustat,deed of betrothal
Hizkiyahu b. Solomon (nasi),TS 20.42,Nasi,attested,1063,Fustat,deed of betrothal (fragment)
Solomon b. David (nasi),TS 20.42,Mentioned,attested,1063,Fustat,deed of betrothal (fragment)
David b. Amram ha-Levi (Abu'l-Hasan Da'ud b. al-Faraj Imran),TS J 3.47v,Groom,attested,1033,Fustat,"settlement of betrothal (draft, Arabic script)"
Daughter of Abu'l-Fadl,TS J 3.47v,Bride,attested,1033,Fustat,"settlement of betrothal (draft, Arabic script)"
Abu'l-Fadl,TS J 3.47v,BrideFather,attested,1033,Fustat,"settlement of betrothal (draft, Arabic script)"
Abu'l-Fadl,TS J 3.47v,Agent,attested,1033,Fustat,"settlement of betrothal (draft, Arabic script)"
'The exquisite scholar',TS J 3.47v,WitnessOfAgency,attested,1033,Fustat,"settlement of betrothal (draft, Arabic script)"
Abu'l-Hasan b. al-Jabawi,TS J 3.47v,WitnessOfAgency,attested,1033,Fustat,"settlement of betrothal (draft, Arabic script)"
Mevorakh b. Amram,TS J 3.47v,Mentioned,contextual,1033,Fustat,"settlement of betrothal (draft, Arabic script)"
Yehoshua b. Jehuda (Abu'l-Faraj Furqan ibn Asad),TS J 3.47v,Mentioned,contextual,1033,Fustat,"settlement of betrothal (draft, Arabic script)"
Jabir b. Azhar ha-Kohen,TS AS 145.307r + TS Misc. 29.58a r,Groom,attested,1038,Fustat,deed of betrothal
Azhar (father of Jabir),TS AS 145.307r + TS Misc. 29.58a r,GroomFather,attested,1038,Fustat,deed of betrothal
Husn bt. Hayyim,TS AS 145.307r + TS Misc. 29.58a r,Bride,attested,1038,Fustat,deed of betrothal
Hayyim b. Sahlawaya,TS AS 145.307r + TS Misc. 29.58a r,BrideFather,attested,1038,Fustat,deed of betrothal
Sahlawaya b. Hayyim,TS AS 145.307r + TS Misc. 29.58a r,BrideGrandfather,attested,1038,Fustat,deed of betrothal
El'azar b. Menashe,TS AS 145.307r + TS Misc. 29.58a r,WitnessOfAgency,attested,1038,Fustat,deed of betrothal
Nathan b. [...],TS AS 145.307r + TS Misc. 29.58a r,WitnessOfAgency,attested,1038,Fustat,deed of betrothal
Eli b. Sahlawaya,TS AS 145.307r + TS Misc. 29.58a r,Mentioned,contextual,1038,Fustat,deed of betrothal
[...] b. Khalaf,TS AS 146.417r,WitnessOfAgency,attested,1045,Unknown,deed of betrothal (small fragment)
Nahum b. Nahum,TS AS 146.417r,WitnessOfAgency,attested,1045,Unknown,deed of betrothal (small fragment)
Halfon ha-Levi b. Daniel,ENA NS 17.24,Groom,attested,1015,Cairo,deed of betrothal
Daniel b. Bundar,ENA NS 17.24,GroomFather,attested,1015,Cairo,deed of betrothal
Ama al-Wahid bt. Halfon,ENA NS 17.24,Bride,attested,1015,Cairo,deed of betrothal
Halfon (father of Ama al-Wahid),ENA NS 17.24,BrideFather,attested,1015,Cairo,deed of betrothal
Musafir b. Isaac ha-Kohen,ENA NS 17.24,WitnessOfAgency,attested,1015,Cairo,deed of betrothal
Shela b. Joseph,ENA NS 17.24,WitnessOfAgency,attested,1015,Cairo,deed of betrothal
Hillel (the elder),ENA NS 17.24,Agent,attested,1015,Cairo,deed of betrothal
"Hizkiyahu (groom, OS12)",Mosseri VII.90.1,Groom,attested,1041,Fustat,deed of betrothal (fragment)
Mevorakh b. Barhun,Mosseri VII.90.1,WitnessOfAgency,attested,1041,Fustat,deed of betrothal (fragment)
Sedaqa b. Elun,Mosseri VII.90.1,WitnessOfAgency,attested,1041,Fustat,deed of betrothal (fragment)
David b. Semah (nasi),Mosseri VII.90.1,Nasi,reconstructed,1041,Fustat,deed of betrothal (fragment)
Shela b. Amram al-Qirqisani,Mosseri Ia.2,Groom,attested,1051,Fustat,deed of betrothal (with deed of attorney)
Amram al-Qirqisani,Mosseri Ia.2,GroomFather,attested,1051,Fustat,deed of betrothal (with deed of attorney)
Yaman bt. David,Mosseri Ia.2,Bride,attested,1051,Fustat,deed of betrothal (with deed of attorney)
David b. Yesha'ya ha-Melammed,Mosseri Ia.2,BrideFather,attested,1051,Fustat,deed of betrothal (with deed of attorney)
Solomon b. Adiya b. Menashe (al-Qazzaz),Mosseri Ia.2,GroomAgent,attested,1051,Fustat,deed of betrothal (with deed of attorney)
Yefet [b. ? Solomon b. Abraham],Mosseri Ia.2,WitnessOfAgency,attested,1051,Fustat,deed of betrothal (with deed of attorney)
Samuel bar Rabbi Moses he-haver,Mosseri Ia.2,WitnessOfAgency,attested,1051,Fustat,deed of betrothal (with deed of attorney)
David b. Semah (nasi),Mosseri Ia.2,Nasi,attested,1051,Fustat,deed of betrothal (with deed of attorney)
David b. Semah (nasi),Mosseri Ia.2,Judge,attested,1051,Fustat,deed of betrothal (with deed of attorney)
Semah b. Asa (nasi),Mosseri Ia.2,Mentioned,attested,1051,Fustat,deed of betrothal (with deed of attorney)
Solomon b. Musafir,Mosseri Ia.2,Agent,attested,1051,Fustat,deed of betrothal (with deed of attorney)
Aaron b. Semah ha-Kohen,Mosseri Ia.2,WitnessOfAgency,attested,1051,Fustat,deed of betrothal (with deed of attorney)
Sedaqa b. Sa'adya,Mosseri Ia.2,WitnessOfAgency,attested,1051,Fustat,deed of betrothal (with deed of attorney)
Mansur b. Mevasser,Mosseri Ia.2,Witness,attested,1051,Fustat,deed of betrothal (with deed of attorney)
Samuel b. [...],Mosseri Ia.2,Witness,attested,1051,Fustat,deed of betrothal (with deed of attorney)
Joseph ha-Kohen b. Jacob,Mosseri Ia.2,Mentioned,contextual,1051,Fustat,deed of betrothal (with deed of attorney)
Mahfuz b. Menahem,A.I.U. VII D 1r,Groom,attested,1049,Fustat,deed of betrothal
Menahem (father of Mahfuz),A.I.U. VII D 1r,GroomFather,attested,1049,Fustat,deed of betrothal
Fadla bt. Abraham,A.I.U. VII D 1r,Bride,attested,1049,Fustat,deed of betrothal
Abraham b. Musallam,A.I.U. VII D 1r,BrideFather,attested,1049,Fustat,deed of betrothal
Mu'ammala bt. Hayyim,TS 6 Ja 2,Bride,attested,1002,Palestine (region),ketubba (court copy)
Menashe b. Mahbub ha-Levi (of Acre),TS 6 Ja 2,Scribe,attested,1002,Palestine (region),ketubba (court copy)
Bahlul b. Isaac ha-Kohen,TS 6 Ja 2,Witness,attested,1002,Palestine (region),ketubba (court copy)
Isaac b. Eliya ha-Kohen,TS 6 Ja 2,Witness,attested,1002,Palestine (region),ketubba (court copy)
Isaac b. Samuel al-Fara,TS 6 Ja 2,Witness,attested,1002,Palestine (region),ketubba (court copy)
Eli b. Mu'ammar,TS 6 Ja 2,Witness,attested,1002,Palestine (region),ketubba (court copy)
Joseph b. Jacob,TS 6 Ja 2,Witness,attested,1002,Palestine (region),ketubba (court copy)
Isaac b. Jacob,TS 6 Ja 2,Witness,attested,1002,Palestine (region),ketubba (court copy)
Sa'adya b. Joseph,TS 6 Ja 2,Witness,attested,1002,Palestine (region),ketubba (court copy)
Abraham b. Isaac,TS 6 Ja 2,Witness,attested,1002,Palestine (region),ketubba (court copy)
David b. Solomon,TS 6 Ja 2,Witness,attested,1002,Palestine (region),ketubba (court copy)
Hiba b. Khalaf al-Shinizi,TS 6 Ja 2,Witness,attested,1002,Palestine (region),ketubba (court copy)
Joseph b. Isaac,TS 6 Ja 2,Witness,attested,1002,Palestine (region),ketubba (court copy)
Jacob b. Isaac,TS 6 Ja 2,Witness,attested,1002,Palestine (region),ketubba (court copy)
Sitt-al-Ahl bt. Joseph,TS 8.152,Bride,reconstructed,1050,Unknown,ketubba (fragment)
Shela ha-Kohen b. Sadoq beRabbi [...],TS 12.449,Witness,attested,1020,Unknown,ketubba (fragment)
Levi ha-Levi bar Joseph,TS 12.449,Witness,attested,1020,Unknown,ketubba (fragment)
Rav Hesed,TS 12.621,Groom,attested,1038,Fustat,ketubba (fragment)
Sara bt. Sahlawaya,TS 12.621,Bride,reconstructed,1038,Fustat,ketubba (fragment)
Sahlawaya b. Hayyim,TS 12.621,BrideFather,attested,1038,Fustat,ketubba (fragment)
David b. Shekhanya,TS 12.621,Mentioned,contextual,1038,Fustat,ketubba (fragment)
Malka,TS 12.658,Bride,attested,1020,Unknown,"ketubba (fragment, trousseau)"
Abraham b. Jacob,TS 12.715 + Bodl. MS Heb. a.3.34,Groom,attested,1130,Egypt (region),ketubba
"Jacob (father of Abraham, OS23)",TS 12.715 + Bodl. MS Heb. a.3.34,GroomFather,attested,1130,Egypt (region),ketubba
Sara bt. Sahl,TS 12.715 + Bodl. MS Heb. a.3.34,Bride,attested,1130,Egypt (region),ketubba
"Sahl (father of Sara, OS23)",TS 12.715 + Bodl. MS Heb. a.3.34,BrideFather,attested,1130,Egypt (region),ketubba
Sa'id ha-Kohen b. Nahum,TS 12.715 + Bodl. MS Heb. a.3.34,Witness,attested,1130,Egypt (region),ketubba
"Meshullam (groom, OS25)",TS 13 J 37.11,Groom,attested,1040,Fustat,ketubba (fragment)
Jacob b. Yesha'ya,TS 13 J 37.11,Agent,attested,1040,Fustat,ketubba (fragment)
El'azar b. Shemen Tov,TS 16.67,Groom,attested,1201,Cairo,ketubba
Shemen Tov b. Shemarya,TS 16.67,GroomFather,attested,1201,Cairo,ketubba
Shemarya b. Shemen Tov,TS 16.67,GroomGrandfather,attested,1201,Cairo,ketubba
Rivqa bt. Joseph,TS 16.67,Bride,attested,1201,Cairo,ketubba
Joseph (father of Rivqa),TS 16.67,BrideFather,attested,1201,Cairo,ketubba
Amram ha-Levi b. Joseph ha-Levi,TS 16.67,Agent,attested,1201,Cairo,ketubba
[...] b. El'azar b. Halfon,TS 16.67,WitnessOfAgency,attested,1201,Cairo,ketubba
Isaac b. Yefet,TS 16.67,WitnessOfAgency,attested,1201,Cairo,ketubba
Isaac bar Azaryahu,TS 16.67,Scribe,attested,1201,Cairo,ketubba
Isaac bar Azaryahu,TS 16.67,Witness,attested,1201,Cairo,ketubba
Nathana'el ha-Kohen b. Meshullam,TS 16.67,Witness,attested,1201,Cairo,ketubba
Eliyahu b. Halfon,TS 16.67,Witness,attested,1201,Cairo,ketubba
Amaryahu Jehuda (nasi),TS 16.67,Nasi,attested,1201,Cairo,ketubba
David b. Hasdai (nasi),TS 16.67,Mentioned,attested,1201,Cairo,ketubba
Hasdai Emmanuel (nasi),TS 16.67,Mentioned,attested,1201,Cairo,ketubba
Sar Shalom (nasi),TS 16.67,Mentioned,attested,1201,Cairo,ketubba
"Rayyisa (bride, OS27)",TS 16.80,Bride,attested,1050,Ramle,ketubba (fragment)
Mevorakh b. Yehya,TS 16.236,Groom,attested,1050,Unknown,ketubba (fragment)
"Mubaraka (bride, OS28)",TS 16.236,Bride,attested,1050,Unknown,ketubba (fragment)
Aaron b. Mordekhai,TS 16.236,Agent,attested,1050,Unknown,ketubba (fragment)
Mevorakh b. Samuel,TS 20.2,Groom,attested,1015,Tyre,ketubba
"Sitt-al-Ahl (bride, OS29)",TS 20.2,Bride,attested,1015,Tyre,ketubba
Maimon b. Fadl,TS 20.2,WitnessOfAgency,attested,1015,Tyre,ketubba
Solomon b. Maimon,TS 20.2,WitnessOfAgency,attested,1015,Tyre,ketubba
Eli b. Solomon,TS 20.2,Agent,attested,1015,Tyre,ketubba
Shala [?],TS 20.2,Witness,attested,1015,Tyre,ketubba
Mubarak b. Husain,TS 20.2,Witness,attested,1015,Tyre,ketubba
Shela ha-Kohen bar Rabbi Mevasser,TS 20.2,Witness,attested,1015,Tyre,ketubba
Mevorakh b. Yefet,TS 20.2,Witness,attested,1015,Tyre,ketubba
Mevasser b. Abraham,TS 20.2,Witness,attested,1015,Tyre,ketubba
Benjamin b. Hasson,TS 20.2,Witness,attested,1015,Tyre,ketubba
Yesha'ya b. Isaac,TS 20.156,Groom,attested,1015,Unknown,ketubba (fragment)
Farajiyya bt. Jehuda,TS 20.156,Bride,attested,1015,Unknown,ketubba (fragment)
Jehuda (father of Farajiyya),TS 20.156,BrideFather,attested,1015,Unknown,ketubba (fragment)
Mansur b. Yehai b. Abu'l-Shahaba,TS 20.156,Agent,attested,1015,Unknown,ketubba (fragment)
Hasan (Yefet) b. Amram known as ben Shemun,TS 20.156,WitnessOfAgency,attested,1015,Unknown,ketubba (fragment)
Solomon b. Mansur,TS 20.156,WitnessOfAgency,attested,1015,Unknown,ketubba (fragment)
Solomon b. Mevasser b. Sahl al-Ani,TS 24.7,Groom,attested,1004,Cairo,ketubba
Mevasser b. Sahl al-Ani,TS 24.7,GroomFather,attested,1004,Cairo,ketubba
Sara bt. Yesha'ya,TS 24.7,Bride,attested,1004,Cairo,ketubba
Yesha'ya b. Sahl al-Ani,TS 24.7,BrideFather,attested,1004,Cairo,ketubba
Sahl al-Ani,TS 24.7,BrideGrandfather,attested,1004,Cairo,ketubba
Marzuq b. Yefet,TS 24.13,Groom,attested,1062,Fustat,ketubba
Yefet (father of Marzuq),TS 24.13,GroomFather,attested,1062,Fustat,ketubba
Faras bt. Simha,TS 24.13,Bride,attested,1062,Fustat,ketubba
Simha (father of Faras),TS 24.13,BrideFather,attested,1062,Fustat,ketubba
Hananya b. Elnathan,TS 24.13,Agent,attested,1062,Fustat,ketubba
Nathana'el b. Mevasser ha-Levi,TS 24.13,WitnessOfAgency,attested,1062,Fustat,ketubba
Abraham b. Joseph b. Anan ha-Levi,TS 24.13,Witness,attested,1062,Fustat,ketubba
Alan b. Nahum,TS 24.13,Witness,attested,1062,Fustat,ketubba
El'azar b. Samuel b. Sahl ha-Eved,TS 24.13,Witness,attested,1062,Fustat,ketubba
[...] b. Efraim,TS 24.13,Witness,attested,1062,Fustat,ketubba
Sa'adya b. Razi'el,TS 24.13,Witness,attested,1062,Fustat,ketubba
Sedaqa b. Menashe,TS 24.13,Witness,attested,1062,Fustat,ketubba
Saul b. Abraham,TS 24.13,Witness,attested,1062,Fustat,ketubba
"Menashe (groom, OS33)",TS 24.45 + TS NS J 86,Groom,attested,1088,Fustat,ketubba
Aaron ha-Kohen (father of Menashe),TS 24.45 + TS NS J 86,GroomFather,attested,1088,Fustat,ketubba
Sitt-al-Husn bt. Moses ha-Kohen,TS 24.45 + TS NS J 86,Bride,attested,1088,Fustat,ketubba
Moses ha-Kohen b. Aaron,TS 24.45 + TS NS J 86,BrideFather,attested,1088,Fustat,ketubba
"Aaron ha-Kohen (grandfather, OS33)",TS 24.45 + TS NS J 86,BrideGrandfather,attested,1088,Fustat,ketubba
Eli b. Hillel,TS 24.45 + TS NS J 86,Agent,attested,1088,Fustat,ketubba
Moses b. Yefet (Abu Imran),TS 24.45 + TS NS J 86,Mentioned,contextual,1088,Fustat,ketubba
Nasiya bt. Moses ha-Kohen,TS 24.45 + TS NS J 86,Mentioned,contextual,1088,Fustat,ketubba
David b. Daniel b. Azarya,TS 24.45 + TS NS J 86,Mentioned,contextual,1088,Fustat,ketubba
"Jehuda (groom, OS34)",TS AS 146.34,Groom,attested,1050,Unknown,ketubba (small fragment)
Sitt-al-Fadl,TS AS 146.34,Bride,attested,1050,Unknown,ketubba (small fragment)
"Solomon b. [...] (agent, OS34)",TS AS 146.34,Agent,attested,1050,Unknown,ketubba (small fragment)
Ovadya b. Sedaqa,TS AS 147.120,Groom,attested,1080,Fustat,ketubba (fragment)
Sedaqa b. Halfon b. Elun,TS AS 147.120,GroomFather,attested,1080,Fustat,ketubba (fragment)
al-Tifrat bt. Tovya,TS AS 147.120,Bride,attested,1080,Fustat,ketubba (fragment)
Tovya (father of al-Tifrat),TS AS 147.120,BrideFather,attested,1080,Fustat,ketubba (fragment)
Yefet b. Menashe,TS AS 147.120,Agent,attested,1080,Fustat,ketubba (fragment)
Thabit b. Jacob,"TS NS 320.34a,b",Groom,attested,1050,Unknown,ketubba (two fragments)
Jacob (father of Thabit),"TS NS 320.34a,b",GroomFather,attested,1050,Unknown,ketubba (two fragments)
Ghaliya bt. Joseph,"TS NS 320.34a,b",Bride,attested,1050,Unknown,ketubba (two fragments)
Joseph b. Abraham (father of Ghaliya),"TS NS 320.34a,b",BrideFather,attested,1050,Unknown,ketubba (two fragments)
Joseph b. Abraham (father of Ghaliya),"TS NS 320.34a,b",Agent,attested,1050,Unknown,ketubba (two fragments)
Jacob b. David al-Shulhani,"TS NS 323.35 + TS NS 320.76a,b + TS 12.535",Groom,attested,1006,Ramle,ketubba
David al-Shulhani,"TS NS 323.35 + TS NS 320.76a,b + TS 12.535",GroomFather,attested,1006,Ramle,ketubba
Sayyida bt. Wahb,"TS NS 323.35 + TS NS 320.76a,b + TS 12.535",Bride,attested,1006,Ramle,ketubba
Wahb al-Arri [?],"TS NS 323.35 + TS NS 320.76a,b + TS 12.535",BrideFather,attested,1006,Ramle,ketubba
Menahem b. Job al-Halabi,"TS NS 323.35 + TS NS 320.76a,b + TS 12.535",Agent,attested,1006,Ramle,ketubba
David b. Isaac ha-Kohen (the scribe),"TS NS 323.35 + TS NS 320.76a,b + TS 12.535",WitnessOfAgency,attested,1006,Ramle,ketubba
Khalaf [...] (OS38),"TS NS 323.35 + TS NS 320.76a,b + TS 12.535",WitnessOfAgency,attested,1006,Ramle,ketubba
Faraj b. Mevasser ha-Levi,"TS NS 323.35 + TS NS 320.76a,b + TS 12.535",Witness,attested,1006,Ramle,ketubba
Semah [...] (OS38),"TS NS 323.35 + TS NS 320.76a,b + TS 12.535",Witness,attested,1006,Ramle,ketubba
Efraim b. Jehuda,"TS NS 323.35 + TS NS 320.76a,b + TS 12.535",Witness,attested,1006,Ramle,ketubba
Joseph [...] (OS38),"TS NS 323.35 + TS NS 320.76a,b + TS 12.535",Witness,attested,1006,Ramle,ketubba
Jacob [...] (OS38),"TS NS 323.35 + TS NS 320.76a,b + TS 12.535",Witness,attested,1006,Ramle,ketubba
Solomon b. Hayyim (Ramle),"TS NS 323.35 + TS NS 320.76a,b + TS 12.535",Mentioned,attested,1006,Ramle,ketubba
Hizkiyahu b. Benjamin,CUL Add. 3430,Groom,attested,1028,Jerusalem,ketubba
"Benjamin (father of Hizkiyahu, OS39)",CUL Add. 3430,GroomFather,attested,1028,Jerusalem,ketubba
Sarwa bt. Sedaqa,CUL Add. 3430,Bride,attested,1028,Jerusalem,ketubba
Sedaqa b. Jarir,CUL Add. 3430,BrideFather,attested,1028,Jerusalem,ketubba
Joseph b. Abraham ha-Kohen,CUL Add. 3430,Agent,attested,1028,Jerusalem,ketubba
Mevorakh b. David,CUL Add. 3430,WitnessOfAgency,attested,1028,Jerusalem,ketubba
Jacob b. Fadlan,CUL Add. 3430,WitnessOfAgency,attested,1028,Jerusalem,ketubba
Solomon b. David ha-Kohen (the scholar),CUL Add. 3430,Scribe,attested,1028,Jerusalem,ketubba
Solomon b. David ha-Kohen (the scholar),CUL Add. 3430,Witness,attested,1028,Jerusalem,ketubba
Yehoshua b. Eli ha-Kohen b. Zita,CUL Add. 3430,Witness,attested,1028,Jerusalem,ketubba
Nathan ha-Kohen bar Yehai,CUL Add. 3430,Witness,attested,1028,Jerusalem,ketubba
Yehoshua b. Adiya ha-Kohen,CUL Add. 3430,Witness,attested,1028,Jerusalem,ketubba
Bishr b. Abraham ha-Levi,CUL Add. 3430,Witness,attested,1028,Jerusalem,ketubba
Nathan b. Nisan ha-Levi (the scholar),CUL Add. 3430,Witness,attested,1028,Jerusalem,ketubba
Eli b. Mu'ammar,CUL Add. 3430,Witness,attested,1028,Jerusalem,ketubba
Omar b. Yehoshua,CUL Add. 3430,Witness,attested,1028,Jerusalem,ketubba
Joseph b. Samuel,CUL Add. 3430,Witness,attested,1028,Jerusalem,ketubba
Sedaqa b. Zakharya,CUL Add. 3430,Witness,attested,1028,Jerusalem,ketubba
Jehuda b. Khalaf,Bodl. MS Heb. a.3.44,Groom,attested,1037,Fustat,ketubba
"Khalaf (father of Jehuda, OS40)",Bodl. MS Heb. a.3.44,GroomFather,attested,1037,Fustat,ketubba
Miriam bt. Solomon,Bodl. MS Heb. a.3.44,Bride,attested,1037,Fustat,ketubba
"Solomon (father of Miriam, OS40)",Bodl. MS Heb. a.3.44,BrideFather,attested,1037,Fustat,ketubba
Faraj b. Solomon,Bodl. MS Heb. a.3.44,Agent,attested,1037,Fustat,ketubba
Abraham al-Awalani,Bodl. MS Heb. a.3.44,WitnessOfAgency,attested,1037,Fustat,ketubba
Semah b. Asa (nasi),Bodl. MS Heb. a.3.44,Nasi,attested,1037,Fustat,ketubba
Solomon b. Amram (OS41),Bodl. MS Heb. a.3.4v,Groom,attested,1015,Ramle,ketubba (court copy)
Husn bt. David (OS41),Bodl. MS Heb. a.3.4v,Bride,attested,1015,Ramle,ketubba (court copy)
Eli b. Isma'il al-Bairuti (the scholar),Bodl. MS Heb. a.3.4v,Declarant,attested,1015,Ramle,ketubba (court copy)
Yehai b. Eli ha-Kohen,Bodl. MS Heb. a.3.4v,Witness,attested,1015,Ramle,ketubba (court copy)
Yeshu'a b. Thabit ha-Levi ha-Shulhani,Bodl. MS Heb. a.3.4v,Witness,attested,1015,Ramle,ketubba (court copy)
[...] b. Isaac ha-Levi al-Qata'if,Bodl. MS Heb. a.3.4v,Witness,attested,1015,Ramle,ketubba (court copy)
Mahbub [?] (OS41),Bodl. MS Heb. a.3.4v,Witness,attested,1015,Ramle,ketubba (court copy)
Efraim b. Moses,Bodl. MS Heb. a.3.4v,Witness,attested,1015,Ramle,ketubba (court copy)
Yeshu'a b. Khatim,Bodl. MS Heb. a.3.4v,Witness,attested,1015,Ramle,ketubba (court copy)
Menahem b. Isaac,Bodl. MS Heb. a.3.4v,Witness,attested,1015,Ramle,ketubba (court copy)
Menahem b. Isaac,Bodl. MS Heb. a.3.4v,Declarant,attested,1015,Ramle,ketubba (court copy)
David b. Isaac ha-Kohen (the scribe),Bodl. MS Heb. a.3.4v,Scribe,attested,1015,Ramle,ketubba (court copy)
David b. Isaac ha-Kohen (the scribe),Bodl. MS Heb. a.3.4v,Witness,attested,1015,Ramle,ketubba (court copy)
Jehuda [?] (OS41),Bodl. MS Heb. a.3.4v,Witness,attested,1015,Ramle,ketubba (court copy)
Bishr b. Abraham ha-Levi,Bodl. MS Heb. a.3.4v,Witness,attested,1015,Ramle,ketubba (court copy)
Parhon b. Mevorakh ha-Levi,Bodl. MS Heb. a.3.4v,Witness,attested,1015,Ramle,ketubba (court copy)
Mevorakh b. Nathan,Bodl. MS Heb. a.3.4v,Witness,attested,1015,Ramle,ketubba (court copy)
Isaac b. [...] (OS41),Bodl. MS Heb. a.3.4v,Witness,attested,1015,Ramle,ketubba (court copy)
Habib b. David (Abu Ali),Bodl. MS Heb. a.3.4v,Witness,attested,1015,Ramle,ketubba (court copy)
"Isaac b. Joseph (groom, OS42)",Bodl. MS Heb. b.12.31,Groom,attested,1050,Fustat,ketubba
"Joseph (father of Isaac, OS42)",Bodl. MS Heb. b.12.31,GroomFather,attested,1050,Fustat,ketubba
Karima bt. Abraham,Bodl. MS Heb. b.12.31,Bride,attested,1050,Fustat,ketubba
Abraham (father of Karima),Bodl. MS Heb. b.12.31,BrideFather,attested,1050,Fustat,ketubba
Abraham (father of Karima),Bodl. MS Heb. b.12.31,Agent,attested,1050,Fustat,ketubba
Jacob b. Hillel b. Awkal,Bodl. MS Heb. b.12.31,WitnessOfAgency,attested,1050,Fustat,ketubba
"Isaac b. Joseph (groom, OS42)",Bodl. MS Heb. b.12.31,WitnessOfAgency,attested,1050,Fustat,ketubba
"Sedaqa (groom, OS43)",ENA 4020.38v,Groom,attested,1030,Fustat,ketubba (fragment)
Abraham b. Musallam,ENA 4020.38v,Scribe,attested,1030,Fustat,ketubba (fragment)
Abraham b. Musallam,ENA 4020.38v,Witness,attested,1030,Fustat,ketubba (fragment)
Abraham ha-Kohen b. Khalaf,ENA 4020.38v,Witness,attested,1030,Fustat,ketubba (fragment)
Nathana'el ha-Levi b. Rawh,ENA 4020.38v,Witness,attested,1030,Fustat,ketubba (fragment)
Barakat b. Mubarak,ENA 4020.38v,Witness,attested,1030,Fustat,ketubba (fragment)
[...] ha-Kohen b. Joseph,ENA 4020.38v,Witness,attested,1030,Fustat,ketubba (fragment)
Levi ha-Levi bar Jacob,ENA 4020.38v,Witness,attested,1030,Fustat,ketubba (fragment)
Barakat b. Benjamin,ENA 4020.38v,Witness,attested,1030,Fustat,ketubba (fragment)
Berakha b. Rawh (Abu'l-Barakat),ENA 4020.38v,Mentioned,contextual,1030,Fustat,ketubba (fragment)
"David (groom, OS44)",ENA NS 3.23 + ENA NS 3.27,Groom,reconstructed,1020,Unknown,ketubba (two fragments)
"Husn (bride, OS44)",ENA NS 3.23 + ENA NS 3.27,Bride,attested,1020,Unknown,ketubba (two fragments)
"Husn (bride, OS46)",II Firk. Heb. A. 717r,Bride,attested,1050,Unknown,ketubba (fragment)
[...] ha-Kohen (OS46),II Firk. Heb. A. 717r,Witness,attested,1050,Unknown,ketubba (fragment)
Jehuda b. Khalaf,II Firk. Heb. A. 717r,Witness,reconstructed,1050,Unknown,ketubba (fragment)
Semah b. Asa (nasi),Bodl. MS Heb. d.66.49v-50r,Nasi,attested,1036,Fustat,formulary of betrothal with mixed-marriage clauses
Yedidya (nasi),Brit. Mus. Or. 5532,Nasi,attested,1081,Egypt (region),book of prayers with marriage formula
Yehya b. Abraham,Bodl. MS Heb. a.3.42,Groom,attested,1117,Fustat,mixed Karaite-Rabbanite ketubba (Karaite formula)
"Abraham (physician, father of Yehya)",Bodl. MS Heb. a.3.42,GroomFather,attested,1117,Fustat,mixed Karaite-Rabbanite ketubba (Karaite formula)
Rayyisa bt. Sa'adya,Bodl. MS Heb. a.3.42,Bride,attested,1117,Fustat,mixed Karaite-Rabbanite ketubba (Karaite formula)
Sa'adya b. David (father of Rayyisa),Bodl. MS Heb. a.3.42,BrideFather,attested,1117,Fustat,mixed Karaite-Rabbanite ketubba (Karaite formula)
Yehoshua ha-Kohen b. Sedaqa ha-Kohen,Bodl. MS Heb. a.3.42,Agent,attested,1117,Fustat,mixed Karaite-Rabbanite ketubba (Karaite formula)
Nathan b. Joseph b. Nahorai,Bodl. MS Heb. a.3.42,WitnessOfAgency,attested,1117,Fustat,mixed Karaite-Rabbanite ketubba (Karaite formula)
Isaac ha-Parnas b. Sedaqa,Bodl. MS Heb. a.3.42,WitnessOfAgency,attested,1117,Fustat,mixed Karaite-Rabbanite ketubba (Karaite formula)
David ha-Kohen b. Sedaqa ha-Kohen,Bodl. MS Heb. a.3.42,Witness,attested,1117,Fustat,mixed Karaite-Rabbanite ketubba (Karaite formula)
Sedaqa ha-Levi b. Efraim,Bodl. MS Heb. a.3.42,Witness,attested,1117,Fustat,mixed Karaite-Rabbanite ketubba (Karaite formula)
Mevorakh b. El'azar b. [...] Yehoshua,Bodl. MS Heb. a.3.42,Witness,attested,1117,Fustat,mixed Karaite-Rabbanite ketubba (Karaite formula)
Hasdai b. Hizkiyahu (nasi),Bodl. MS Heb. a.3.42,Nasi,attested,1117,Fustat,mixed Karaite-Rabbanite ketubba (Karaite formula)
Hizkiyahu b. Solomon (nasi),Bodl. MS Heb. a.3.42,Mentioned,attested,1117,Fustat,mixed Karaite-Rabbanite ketubba (Karaite formula)
"[...] b. Mansur (groom, OS57)",ENA NS 18.37,Groom,attested,1035,Fustat,mixed Karaite-Rabbanite deed of betrothal (Karaite formula)
"Mansur (father of groom, OS57)",ENA NS 18.37,GroomFather,attested,1035,Fustat,mixed Karaite-Rabbanite deed of betrothal (Karaite formula)
Karima bt. Hasan,ENA NS 18.37,Bride,attested,1035,Fustat,mixed Karaite-Rabbanite deed of betrothal (Karaite formula)
Hasan b. Moses,ENA NS 18.37,BrideFather,attested,1035,Fustat,mixed Karaite-Rabbanite deed of betrothal (Karaite formula)
Hasan b. Moses,ENA NS 18.37,Agent,attested,1035,Fustat,mixed Karaite-Rabbanite deed of betrothal (Karaite formula)
Sedaqa b. Nahum ha-Kohen,ENA NS 18.37,WitnessOfAgency,attested,1035,Fustat,mixed Karaite-Rabbanite deed of betrothal (Karaite formula)
Moses b. Siba'a,ENA NS 18.37,WitnessOfAgency,attested,1035,Fustat,mixed Karaite-Rabbanite deed of betrothal (Karaite formula)
Yefet ha-Kohen b. Eli b. Zita,ENA NS 18.37,Witness,attested,1035,Fustat,mixed Karaite-Rabbanite deed of betrothal (Karaite formula)
Isaac b. Jehuda ha-Levi,ENA NS 18.37,Witness,attested,1035,Fustat,mixed Karaite-Rabbanite deed of betrothal (Karaite formula)
Sahlawaya b. Hayyim,ENA NS 18.37,Witness,attested,1035,Fustat,mixed Karaite-Rabbanite deed of betrothal (Karaite formula)
David b. Moses (OS57),ENA NS 18.37,Witness,attested,1035,Fustat,mixed Karaite-Rabbanite deed of betrothal (Karaite formula)
Sa'id b. [...] (OS57),ENA NS 18.37,Witness,attested,1035,Fustat,mixed Karaite-Rabbanite deed of betrothal (Karaite formula)
Efraim b. Mevasser b. Solomon,ENA NS 18.37,Scribe,attested,1035,Fustat,mixed Karaite-Rabbanite deed of betrothal (Karaite formula)
Efraim b. Mevasser b. Solomon,ENA NS 18.37,Witness,attested,1035,Fustat,mixed Karaite-Rabbanite deed of betrothal (Karaite formula)
Mu'ammar b. S[edaqa],ENA NS 18.37,Witness,attested,1035,Fustat,mixed Karaite-Rabbanite deed of betrothal (Karaite formula)
David b. Isaac ha-Levi (Abu Nasr),ENA NS 18.37,Mentioned,contextual,1035,Fustat,mixed Karaite-Rabbanite deed of betrothal (Karaite formula)
Eli b. Amram (he-haver),Mosseri VII.43 + TS Ar.53.53,Judge,attested,1055,Fustat,record of joint Karaite-Rabbanite court session (two drafts)
Josiah b. Solomon (nasi),Mosseri VII.43 + TS Ar.53.53,Judge,attested,1055,Fustat,record of joint Karaite-Rabbanite court session (two drafts)
Josiah b. Solomon (nasi),Mosseri VII.43 + TS Ar.53.53,Nasi,attested,1055,Fustat,record of joint Karaite-Rabbanite court session (two drafts)
Solomon b. David (nasi),Mosseri VII.43 + TS Ar.53.53,Mentioned,attested,1055,Fustat,record of joint Karaite-Rabbanite court session (two drafts)
Mevorakh b. Israel (heir),Mosseri VII.43 + TS Ar.53.53,Party,attested,1055,Fustat,record of joint Karaite-Rabbanite court session (two drafts)
Samuel b. Yehuda (the orphan),Mosseri VII.43 + TS Ar.53.53,Party,attested,1055,Fustat,record of joint Karaite-Rabbanite court session (two drafts)
Umm Samuel bt. Aaron,Mosseri VII.43 + TS Ar.53.53,Party,attested,1055,Fustat,record of joint Karaite-Rabbanite court session (two drafts)
Aaron b. Isaac,Mosseri VII.43 + TS Ar.53.53,Guarantor,attested,1055,Fustat,record of joint Karaite-Rabbanite court session (two drafts)
Yehuda b. Tammam,Mosseri VII.43 + TS Ar.53.53,Mentioned,attested,1055,Fustat,record of joint Karaite-Rabbanite court session (two drafts)
Rayyisa bt. Tammam,Mosseri VII.43 + TS Ar.53.53,Mentioned,attested,1055,Fustat,record of joint Karaite-Rabbanite court session (two drafts)
Rahma bt. Tammam,Mosseri VII.43 + TS Ar.53.53,Mentioned,attested,1055,Fustat,record of joint Karaite-Rabbanite court session (two drafts)
Israel b. Tammam [?],Mosseri VII.43 + TS Ar.53.53,Mentioned,reconstructed,1055,Fustat,record of joint Karaite-Rabbanite court session (two drafts)
Tammam,Mosseri VII.43 + TS Ar.53.53,Mentioned,attested,1055,Fustat,record of joint Karaite-Rabbanite court session (two drafts)
Abraham b. Solomon (Abu Kathir),Mosseri VII.43 + TS Ar.53.53,Trustee,attested,1055,Fustat,record of joint Karaite-Rabbanite court session (two drafts)
Nahray b. Nissim,Mosseri VII.43 + TS Ar.53.53,Trustee,attested,1055,Fustat,record of joint Karaite-Rabbanite court session (two drafts)
Eli ha-Kohen ha-parnas b. Ya'ish,Mosseri VII.43 + TS Ar.53.53,Trustee,attested,1055,Fustat,record of joint Karaite-Rabbanite court session (two drafts)
David b. Josiah,Mosseri VII.43 + TS Ar.53.53,Mentioned,contextual,1055,Fustat,record of joint Karaite-Rabbanite court session (two drafts)
Efraim b. Shemarya,TS 16.50,Mentioned,contextual,1043,Fustat,deed of betrothal (draft) + deed of attorney
Efraim b. Shemarya,TS 12.621,Mentioned,contextual,1038,Fustat,ketubba (fragment)
Efraim b. Shemarya,TS 24.13,Mentioned,contextual,1062,Fustat,ketubba
Efraim b. Shemarya,ENA 4020.38v,Mentioned,contextual,1030,Fustat,ketubba (fragment)
Efraim b. Shemarya,Mosseri VII.43 + TS Ar.53.53,Mentioned,contextual,1055,Fustat,record of joint Karaite-Rabbanite court session (two drafts)
Solomon b. Jehuda (Gaon),TS 12.644,Mentioned,contextual,1030,Fustat,deed of betrothal
Solomon b. Jehuda (Gaon),ENA 4020.38v,Mentioned,contextual,1030,Fustat,ketubba (fragment)
Solomon b. Jehuda (Gaon),Mosseri VII.43 + TS Ar.53.53,Mentioned,contextual,1055,Fustat,record of joint Karaite-Rabbanite court session (two drafts)
Nathan b. Abraham (Gaon),ENA 4020.38v,Mentioned,contextual,1030,Fustat,ketubba (fragment)
Abraham b. Solomon Gaon,TS 24.13,Mentioned,contextual,1062,Fustat,ketubba
Halfon ha-Levi b. Solomon,ENA 4020.38v,Mentioned,contextual,1030,Fustat,ketubba (fragment)
Halfon b. Menashe,TS 24.45 + TS NS J 86,Mentioned,contextual,1088,Fustat,ketubba
David ha-Kohen b. Babad,TS 12.644,Mentioned,contextual,1030,Fustat,deed of betrothal
Mevorakh b. Nathan b. Nisan,CUL Add. 3430,Mentioned,contextual,1028,Jerusalem,ketubba
Tovya b. Moses,TS AS 145.307r + TS Misc. 29.58a r,Mentioned,contextual,1038,Fustat,deed of betrothal
Zakkai b. Yedidya,Brit. Mus. Or. 5532,Mentioned,contextual,1081,Egypt (region),book of prayers with marriage formula
Solomon b. David b. Hasdai (nasi),TS 16.67,Mentioned,contextual,1201,Cairo,ketubba
Solomon Yedidya (nasi),Chapter 9 (Olszowy-Schlanger),Mentioned,contextual,,Unknown,secondary source unit
Joseph b. Israel al-Tustari,Chapter 3 (Olszowy-Schlanger),Mentioned,contextual,,Unknown,secondary source unit
Sa'id b. Israel al-Tustari,Chapter 3 (Olszowy-Schlanger),Mentioned,contextual,,Unknown,secondary source unit
Hana bt. Israel al-Tustari,Chapter 3 (Olszowy-Schlanger),Mentioned,contextual,,Unknown,secondary source unit
Tov b. David (Abu'l-Tayyib),Chapter 3 (Olszowy-Schlanger),Mentioned,contextual,,Unknown,secondary source unit
Efraim b. Sa'id b. Malachi,Chapter 3 (Olszowy-Schlanger),Mentioned,contextual,,Unknown,secondary source unit
Solomon b. Aaron al-Baghdadi,Chapter 3 (Olszowy-Schlanger),Mentioned,contextual,,Unknown,secondary source unit
Sedaqa b. Amram (Damascus),Chapter 3 (Olszowy-Schlanger),Mentioned,contextual,,Unknown,secondary source unit
Menashe ibn al-Qazzaz,Chapter 3 (Olszowy-Schlanger),Mentioned,contextual,,Unknown,secondary source unit
Adiya b. Menashe (al-Qazzaz),Chapter 3 (Olszowy-Schlanger),Mentioned,contextual,,Unknown,secondary source unit
Samuel b. Menashe (al-Qazzaz),TS 12.621,Mentioned,contextual,1038,Fustat,ketubba (fragment)
Mu'ammala bt. Samuel (al-Qazzaz),TS 12.621,Mentioned,contextual,1038,Fustat,ketubba (fragment)
Husn bt. Jacob b. Joseph,Chapter 9 (Olszowy-Schlanger),Mentioned,contextual,,Unknown,secondary source unit
Israel b. Simha of Basra,Chapter 9 (Olszowy-Schlanger),Mentioned,contextual,,Unknown,secondary source unit
Siba'a b. Moses,TS 24.7,Mentioned,contextual,1004,Cairo,ketubba
Efraim b. Siba'a,TS 24.7,Mentioned,contextual,1004,Cairo,ketubba
Menashe b. Siba'a,TS 24.7,Mentioned,contextual,1004,Cairo,ketubba
Joseph ibn Awkal,Bodl. MS Heb. b.12.31,Mentioned,contextual,1050,Fustat,ketubba
Hillel b. Awkal,Bodl. MS Heb. b.12.31,Mentioned,contextual,1050,Fustat,ketubba
Joseph ibn Awkal,TS 12.621,Mentioned,contextual,1038,Fustat,ketubba (fragment)
Abraham b. Isaac b. Furat,Mosseri VII.43 + TS Ar.53.53,Mentioned,contextual,1055,Fustat,record of joint Karaite-Rabbanite court session (two drafts)
Yehuda ha-Kohen b. Joseph (ha-Rav),Mosseri VII.43 + TS Ar.53.53,Mentioned,contextual,1055,Fustat,record of joint Karaite-Rabbanite court session (two drafts)
Yeshu'a b. Joseph (Alexandria),Mosseri VII.43 + TS Ar.53.53,Mentioned,contextual,1055,Fustat,record of joint Karaite-Rabbanite court session (two drafts)
Bahiyya bt. Solomon b. Sa'adya,Mosseri VII.43 + TS Ar.53.53,Mentioned,contextual,1055,Fustat,record of joint Karaite-Rabbanite court session (two drafts)
Eli b. Ephraim,TS 24.13,Mentioned,contextual,1062,Fustat,ketubba
